Datum,Temperatur,Luftfeuchtigkeit,Luftdruck
2022-01-01,9.0,64.3,1007.8
2022-01-02,-1.3,68.1,1016.1
2022-01-03,5.2,60.1,1018.3
2022-01-04,-0.3,87.9,1012.0
2022-01-05,-1.5,83.0,1021.6
2022-01-06,-1.8,72.8,1004.1
2022-01-07,-0.2,47.7,1029.5
2022-01-08,2.4,61.0,1012.9
2022-01-09,0.2,71.8,1011.9
2022-01-10,-3.0,81.0,1019.8
2022-01-11,-3.0,98.6,1010.4
2022-01-12,-1.0,60.1,1023.1
2022-01-13,-10.0,76.2,1002.3
2022-01-14,7.9,79.8,1001.6
2022-01-15,0.4,63.0,1014.8
2022-01-16,2.5,76.4,1007.5
2022-01-17,-6.0,46.2,1024.1
2022-01-18,-6.3,58.9,1013.2
2022-01-19,6.5,70.6,1012.9
2022-01-20,2.3,77.4,1012.8
2022-01-21,7.5,55.1,998.1
2022-01-22,13.2,64.2,1003.5
2022-01-23,0.6,74.6,1003.5
2022-01-24,-3.8,72.5,1008.6
2022-01-25,-4.6,57.8,1013.9
2022-01-26,-0.5,48.2,1012.6
2022-01-27,0.0,64.4,1006.5
2022-01-28,0.9,62.9,1018.0
2022-01-29,-3.1,72.9,1016.5
2022-01-30,-0.7,70.0,1006.8
2022-01-31,-3.4,48.5,998.6
2022-02-01,-2.1,64.0,1013.4
2022-02-02,-6.8,83.4,1016.1
2022-02-03,2.7,85.9,1003.8
2022-02-04,-0.2,61.0,1016.4
2022-02-05,15.9,61.0,1011.6
2022-02-06,-4.1,83.6,1010.8
2022-02-07,4.1,73.6,1022.1
2022-02-08,-2.3,72.6,1021.0
2022-02-09,-1.1,79.2,1017.0
2022-02-10,2.0,58.0,1015.7
2022-02-11,0.6,64.7,1015.5
2022-02-12,-0.3,66.6,1012.9
2022-02-13,8.9,66.0,1012.7
2022-02-14,-7.4,70.1,1016.9
2022-02-15,5.8,74.5,1016.3
2022-02-16,3.5,53.9,1012.6
2022-02-17,3.7,83.9,1011.0
2022-02-18,0.4,70.6,1017.2
2022-02-19,-2.1,63.8,1021.3
2022-02-20,-7.6,51.7,1001.4
2022-02-21,0.0,67.9,1016.1
2022-02-22,3.4,75.6,1010.6
2022-02-23,-0.8,73.2,1021.8
2022-02-24,-1.6,86.8,1010.6
2022-02-25,4.8,91.6,1012.3
2022-02-26,2.9,79.3,1019.4
2022-02-27,-0.7,63.0,1000.8
2022-02-28,5.5,85.3,1013.8
2022-03-01,3.7,92.3,1018.5
2022-03-02,5.9,69.8,1012.8
2022-03-03,3.3,79.0,1008.9
2022-03-04,3.8,66.3,1020.3
2022-03-05,8.6,66.5,1022.7
2022-03-06,7.1,90.9,1015.5
2022-03-07,14.0,56.6,1009.2
2022-03-08,11.1,59.5,1008.7
2022-03-09,14.3,78.2,1011.5
2022-03-10,3.5,82.5,1019.1
2022-03-11,0.9,85.6,1014.1
2022-03-12,4.9,78.2,1007.3
2022-03-13,2.7,83.7,1016.1
2022-03-14,6.8,68.0,1008.6
2022-03-15,4.3,74.2,1012.7
2022-03-16,-2.4,85.1,1016.0
2022-03-17,-2.7,77.9,1010.6
2022-03-18,5.9,81.9,1018.9
2022-03-19,14.1,75.1,1015.6
2022-03-20,6.1,75.2,1004.8
2022-03-21,1.5,60.4,1019.0
2022-03-22,8.0,73.8,1014.1
2022-03-23,13.7,70.3,1009.6
2022-03-24,6.2,77.8,1011.6
2022-03-25,0.0,81.3,1010.2
2022-03-26,7.6,71.2,1012.1
2022-03-27,15.9,57.3,1020.9
2022-03-28,4.7,63.5,1018.4
2022-03-29,-0.2,52.8,1006.7
2022-03-30,12.3,78.8,1014.6
2022-03-31,-0.1,73.4,1021.4
2022-04-01,11.5,71.9,1012.6
2022-04-02,4.8,68.7,1015.2
2022-04-03,2.6,71.7,1009.2
2022-04-04,7.6,56.7,1011.1
2022-04-05,10.2,60.2,1010.9
2022-04-06,4.8,55.0,1000.7
2022-04-07,13.4,60.3,1017.8
2022-04-08,3.5,64.6,1015.1
2022-04-09,10.8,59.0,1016.0
2022-04-10,12.0,52.6,1006.7
2022-04-11,8.1,61.7,1020.3
2022-04-12,12.9,60.8,1017.2
2022-04-13,9.0,77.2,1016.9
2022-04-14,9.6,84.1,1011.5
2022-04-15,7.9,66.9,1013.4
2022-04-16,12.2,60.4,1010.7
2022-04-17,12.0,73.1,1014.7
2022-04-18,8.5,59.1,1006.9
2022-04-19,18.0,58.1,1013.0
2022-04-20,4.8,62.9,1019.4
2022-04-21,9.4,75.1,1010.5
2022-04-22,15.0,67.8,1014.0
2022-04-23,12.2,85.3,1006.4
2022-04-24,16.3,64.4,1006.3
2022-04-25,2.4,78.7,1020.6
2022-04-26,11.7,71.1,1015.3
2022-04-27,10.3,84.3,1012.2
2022-04-28,6.6,75.8,1009.0
2022-04-29,8.9,56.4,1017.2
2022-04-30,10.5,66.5,1026.9
2022-05-01,14.4,78.3,1006.2
2022-05-02,15.7,69.8,1007.9
2022-05-03,15.4,60.8,1011.3
2022-05-04,17.0,72.2,1007.6
2022-05-05,11.7,62.8,1017.4
2022-05-06,7.8,67.1,1020.6
2022-05-07,10.9,71.5,1006.4
2022-05-08,18.7,89.8,1010.4
2022-05-09,6.4,50.1,1014.9
2022-05-10,14.1,83.2,1011.9
2022-05-11,13.2,83.4,1005.5
2022-05-12,24.3,67.2,1004.7
2022-05-13,11.1,73.1,1014.4
2022-05-14,16.2,64.8,1014.6
2022-05-15,11.2,58.7,1025.4
2022-05-16,18.5,65.9,1009.4
2022-05-17,7.5,86.7,1002.5
2022-05-18,16.8,85.0,1018.1
2022-05-19,10.7,55.9,1012.1
2022-05-20,11.9,72.8,1018.4
2022-05-21,20.9,74.5,1022.2
2022-05-22,16.0,63.7,1015.7
2022-05-23,19.5,67.6,1011.1
2022-05-24,15.4,76.4,1021.7
2022-05-25,25.4,72.2,1016.1
2022-05-26,16.4,78.5,1015.3
2022-05-27,17.7,61.2,1022.5
2022-05-28,12.0,78.9,1005.1
2022-05-29,9.8,72.8,1019.6
2022-05-30,18.7,69.5,1015.1
2022-05-31,21.0,70.3,1015.3
2022-06-01,20.3,64.5,1022.9
2022-06-02,15.9,75.5,1016.1
2022-06-03,16.4,76.7,1007.5
2022-06-04,20.3,72.6,1015.0
2022-06-05,20.0,79.7,1012.5
2022-06-06,10.8,63.3,1015.9
2022-06-07,12.2,56.6,1016.0
2022-06-08,21.6,61.6,1003.7
2022-06-09,19.0,61.7,1021.1
2022-06-10,21.5,55.7,1010.5
2022-06-11,22.0,78.9,1019.0
2022-06-12,19.5,68.8,1010.2
2022-06-13,26.5,66.9,1011.6
2022-06-14,18.7,78.7,1014.1
2022-06-15,13.1,79.2,1016.5
2022-06-16,34.1,90.4,1017.3
2022-06-17,14.0,80.4,1022.4
2022-06-18,24.2,57.8,1013.6
2022-06-19,18.6,68.0,1014.8
2022-06-20,22.1,82.3,1020.4
2022-06-21,21.8,87.1,1007.9
2022-06-22,21.3,51.9,1006.9
2022-06-23,19.3,78.3,1006.7
2022-06-24,12.1,73.9,1019.2
2022-06-25,12.6,73.9,1011.1
2022-06-26,17.1,74.2,1015.8
2022-06-27,23.2,67.1,1013.8
2022-06-28,20.5,68.8,1009.2
2022-06-29,18.9,57.3,1003.6
2022-06-30,20.2,75.2,1015.1
2022-07-01,22.4,76.7,1009.7
2022-07-02,25.7,78.1,1025.3
2022-07-03,25.8,65.0,1018.0
2022-07-04,27.2,70.4,1019.7
2022-07-05,20.5,60.0,1014.4
2022-07-06,22.8,58.4,1008.8
2022-07-07,24.8,87.6,1015.1
2022-07-08,22.0,71.6,1016.7
2022-07-09,23.0,80.3,1017.1
2022-07-10,24.1,66.0,1007.3
2022-07-11,20.3,51.1,1010.9
2022-07-12,21.4,69.3,1005.7
2022-07-13,18.2,62.3,1009.7
2022-07-14,16.0,51.1,1005.3
2022-07-15,23.6,84.7,1015.7
2022-07-16,26.0,73.7,1000.4
2022-07-17,27.2,80.3,1011.3
2022-07-18,21.9,73.0,1020.8
2022-07-19,23.7,79.3,1006.8
2022-07-20,25.2,67.8,1023.1
2022-07-21,26.6,59.7,1014.3
2022-07-22,22.3,63.4,1006.4
2022-07-23,20.2,70.5,1015.1
2022-07-24,26.9,72.0,1009.1
2022-07-25,25.9,78.8,1012.4
2022-07-26,27.6,73.4,1007.4
2022-07-27,26.0,80.3,1014.0
2022-07-28,21.2,69.9,1006.2
2022-07-29,26.9,86.6,1006.2
2022-07-30,16.3,74.7,1010.3
2022-07-31,22.5,47.6,1029.5
2022-08-01,21.2,68.2,1014.6
2022-08-02,25.0,73.3,1007.5
2022-08-03,19.0,72.4,1014.1
2022-08-04,25.9,69.6,1011.6
2022-08-05,17.5,74.7,1019.4
2022-08-06,31.2,78.8,1012.3
2022-08-07,14.9,75.4,1024.4
2022-08-08,21.5,67.5,1009.7
2022-08-09,24.3,72.9,1014.8
2022-08-10,22.6,72.8,1013.9
2022-08-11,30.2,80.6,1012.5
2022-08-12,28.9,68.0,1008.0
2022-08-13,17.1,60.8,1020.3
2022-08-14,28.5,72.9,1015.8
2022-08-15,23.1,77.9,1015.0
2022-08-16,20.8,57.3,1020.1
2022-08-17,20.8,79.4,1013.1
2022-08-18,14.3,81.8,1019.1
2022-08-19,24.6,63.8,1017.5
2022-08-20,28.4,66.2,1020.6
2022-08-21,14.9,74.9,1009.1
2022-08-22,16.5,72.4,1010.5
2022-08-23,20.8,76.7,1007.0
2022-08-24,30.0,72.8,1010.3
2022-08-25,27.1,71.4,1011.1
2022-08-26,28.0,63.2,1024.4
2022-08-27,26.5,75.3,1014.7
2022-08-28,20.7,75.2,1010.3
2022-08-29,20.9,83.6,1021.9
2022-08-30,20.5,66.5,1017.9
2022-08-31,19.2,72.3,1023.1
2022-09-01,11.0,88.5,1007.9
2022-09-02,29.2,72.7,1002.6
2022-09-03,14.5,76.8,1024.7
2022-09-04,18.5,78.0,1012.1
2022-09-05,20.8,60.5,1002.2
2022-09-06,19.0,60.4,1017.2
2022-09-07,4.0,74.1,1017.1
2022-09-08,17.8,65.3,1014.5
2022-09-09,15.4,58.1,1011.1
2022-09-10,11.3,67.1,1019.4
2022-09-11,16.9,74.0,996.9
2022-09-12,16.8,75.1,1022.4
2022-09-13,19.4,61.8,1014.5
2022-09-14,24.2,65.7,1002.5
2022-09-15,16.5,74.3,999.7
2022-09-16,13.6,69.6,1011.1
2022-09-17,15.4,56.4,1014.4
2022-09-18,14.8,55.0,1019.4
2022-09-19,14.9,65.8,1006.1
2022-09-20,18.3,73.5,1012.1
2022-09-21,10.1,75.2,1015.9
2022-09-22,11.7,67.1,1008.1
2022-09-23,18.0,55.1,1016.7
2022-09-24,5.8,71.7,1006.1
2022-09-25,20.9,78.5,1012.1
2022-09-26,20.8,62.2,1005.4
2022-09-27,18.7,75.9,1021.8
2022-09-28,12.5,85.0,1012.3
2022-09-29,13.5,66.3,1025.1
2022-09-30,15.4,64.3,1018.7
2022-10-01,4.6,59.1,1012.5
2022-10-02,13.9,59.6,1009.7
2022-10-03,16.9,97.6,1011.3
2022-10-04,15.3,70.0,1013.6
2022-10-05,6.0,56.0,1006.0
2022-10-06,19.2,77.4,1008.6
2022-10-07,7.4,71.3,1014.2
2022-10-08,13.5,66.0,1007.2
2022-10-09,13.5,75.9,1017.2
2022-10-10,10.1,58.2,1019.3
2022-10-11,13.5,68.1,1009.4
2022-10-12,12.4,72.8,1009.0
2022-10-13,8.2,82.2,1011.1
2022-10-14,14.7,67.5,1006.8
2022-10-15,12.7,87.2,1013.1
2022-10-16,16.0,74.0,1014.1
2022-10-17,9.8,61.1,1012.8
2022-10-18,12.1,66.3,1000.6
2022-10-19,11.6,67.0,1012.1
2022-10-20,10.2,79.3,1005.5
2022-10-21,6.2,81.9,1006.9
2022-10-22,17.5,66.9,1007.9
2022-10-23,16.6,86.6,1009.4
2022-10-24,10.3,75.6,1000.9
2022-10-25,1.3,67.0,1006.7
2022-10-26,4.4,77.9,1008.1
2022-10-27,7.9,87.0,1015.6
2022-10-28,12.8,66.3,1010.0
2022-10-29,17.2,61.5,1014.0
2022-10-30,5.7,81.8,1011.0
2022-10-31,13.2,61.6,1017.9
2022-11-01,3.0,68.8,1012.8
2022-11-02,2.0,76.7,1013.1
2022-11-03,11.8,75.2,1005.5
2022-11-04,-0.6,75.6,1005.1
2022-11-05,1.9,68.4,1019.9
2022-11-06,17.3,60.6,1016.3
2022-11-07,8.0,65.4,1014.0
2022-11-08,6.4,70.3,1015.5
2022-11-09,12.2,70.6,1012.2
2022-11-10,10.4,53.4,1018.0
2022-11-11,0.5,82.2,1013.8
2022-11-12,8.3,82.0,1011.7
2022-11-13,-5.0,82.3,1013.0
2022-11-14,1.8,58.4,1012.4
2022-11-15,15.0,61.1,1012.7
2022-11-16,12.5,50.7,1014.6
2022-11-17,8.8,64.9,1011.8
2022-11-18,5.0,69.1,1020.2
2022-11-19,6.1,78.5,1005.6
2022-11-20,2.8,75.7,1022.6
2022-11-21,12.4,66.4,1010.9
2022-11-22,7.9,79.7,1007.8
2022-11-23,2.3,78.1,1017.8
2022-11-24,15.4,77.4,1010.8
2022-11-25,2.3,64.0,1013.5
2022-11-26,9.1,58.7,1008.1
2022-11-27,2.4,73.9,1011.4
2022-11-28,6.3,77.5,1013.7
2022-11-29,15.2,65.6,1011.6
2022-11-30,-2.3,68.3,1006.4
2022-12-01,-1.5,76.4,1022.9
2022-12-02,-2.0,63.9,1025.6
2022-12-03,3.9,73.8,1009.8
2022-12-04,-2.1,64.6,1015.1
2022-12-05,5.1,78.7,1014.5
2022-12-06,0.8,69.0,1008.3
2022-12-07,8.0,57.8,1016.1
2022-12-08,5.2,55.9,1011.8
2022-12-09,6.2,84.4,1014.6
2022-12-10,-0.8,77.6,1013.9
2022-12-11,6.1,78.2,1006.7
2022-12-12,1.7,62.9,1016.7
2022-12-13,0.6,57.0,1019.2
2022-12-14,-3.1,80.8,1016.0
2022-12-15,-3.4,61.7,1007.4
2022-12-16,-4.5,65.1,1025.9
2022-12-17,0.6,53.6,1018.5
2022-12-18,3.1,73.2,1006.1
2022-12-19,1.3,68.0,1007.6
2022-12-20,-2.3,59.8,1015.1
2022-12-21,-8.5,80.1,1007.9
2022-12-22,5.7,81.0,1013.9
2022-12-23,1.8,54.4,999.2
2022-12-24,4.4,69.3,1009.4
2022-12-25,2.6,64.4,1010.1
2022-12-26,8.6,76.0,1000.2
2022-12-27,-6.0,80.2,1011.3
2022-12-28,10.3,68.6,1022.4
2022-12-29,-0.9,81.3,1005.2
2022-12-30,0.4,71.1,1022.5
2022-12-31,3.4,77.2,1013.5
2023-01-01,-7.5,81.1,1011.7
2023-01-02,-10.8,75.3,1020.1
2023-01-03,-5.9,59.6,1016.6
2023-01-04,0.2,76.0,1018.1
2023-01-05,-1.3,60.7,1005.3
2023-01-06,-9.1,89.5,1007.1
2023-01-07,0.3,84.2,1011.9
2023-01-08,-1.1,55.5,1015.8
2023-01-09,3.8,77.2,1017.0
2023-01-10,-4.2,83.3,1014.8
2023-01-11,-3.0,68.8,1012.4
2023-01-12,-3.6,56.9,1015.5
2023-01-13,-4.9,79.8,1016.8
2023-01-14,-5.1,77.9,1018.1
2023-01-15,7.9,73.0,1007.7
2023-01-16,6.9,75.9,1016.8
2023-01-17,5.0,77.8,1012.0
2023-01-18,-3.4,83.0,1009.7
2023-01-19,-10.2,75.4,1011.6
2023-01-20,0.0,74.3,1012.7
2023-01-21,-2.1,51.7,1020.0
2023-01-22,7.7,67.7,1010.8
2023-01-23,-2.1,60.3,1024.9
2023-01-24,0.0,51.9,1009.9
2023-01-25,1.8,77.8,1002.8
2023-01-26,-1.5,61.1,1018.9
2023-01-27,5.9,57.3,1017.1
2023-01-28,-3.4,61.5,1008.0
2023-01-29,9.0,77.2,1017.0
2023-01-30,-7.4,66.9,1006.7
2023-01-31,1.3,57.8,1024.2
2023-02-01,0.0,65.3,1006.3
2023-02-02,6.5,70.0,1015.5
2023-02-03,-12.4,74.0,1009.1
2023-02-04,5.9,86.0,1002.9
2023-02-05,-14.7,55.3,1024.6
2023-02-06,-13.6,66.5,1010.7
2023-02-07,3.1,65.1,1022.4
2023-02-08,4.5,90.6,1012.0
2023-02-09,-3.8,56.4,1017.8
2023-02-10,7.0,60.6,1023.6
2023-02-11,3.7,64.8,1005.9
2023-02-12,-2.2,75.0,1014.4
2023-02-13,-1.2,68.5,1018.1
2023-02-14,-1.9,77.2,1009.4
2023-02-15,-4.3,62.3,1019.1
2023-02-16,2.3,76.1,1017.2
2023-02-17,-3.5,44.2,1013.5
2023-02-18,-8.1,77.6,1011.1
2023-02-19,1.2,78.2,1016.9
2023-02-20,2.8,84.0,1013.0
2023-02-21,-6.6,87.6,1011.2
2023-02-22,-0.7,66.1,1009.3
2023-02-23,-3.8,79.5,1000.6
2023-02-24,0.9,75.8,1014.5
2023-02-25,-2.1,77.1,1007.9
2023-02-26,-1.3,62.8,1009.2
2023-02-27,0.4,67.2,1005.4
2023-02-28,-3.2,69.1,1014.5
2023-03-01,-3.4,72.7,1013.8
2023-03-02,-1.0,69.2,1014.8
2023-03-03,3.1,69.8,1013.8
2023-03-04,1.8,93.8,1014.9
2023-03-05,2.7,68.4,1012.2
2023-03-06,4.5,75.3,1016.9
2023-03-07,-0.1,82.6,1016.8
2023-03-08,3.5,75.3,1007.2
2023-03-09,9.0,73.5,1009.4
2023-03-10,12.1,61.4,1006.1
2023-03-11,8.1,66.9,1009.8
2023-03-12,4.7,64.7,1013.7
2023-03-13,5.7,70.7,1003.5
2023-03-14,5.4,78.3,1017.7
2023-03-15,9.6,49.6,1012.1
2023-03-16,8.5,52.4,1017.7
2023-03-17,-0.1,54.1,1017.9
2023-03-18,1.7,59.1,1009.2
2023-03-19,13.7,82.4,1029.1
2023-03-20,6.0,68.3,1014.2
2023-03-21,1.5,62.6,1008.8
2023-03-22,11.7,60.3,1005.3
2023-03-23,13.0,68.3,1011.8
2023-03-24,-1.0,74.7,1019.8
2023-03-25,3.4,57.1,1014.7
2023-03-26,0.0,71.6,1013.8
2023-03-27,3.3,64.1,1012.8
2023-03-28,3.9,56.8,1006.9
2023-03-29,3.5,72.1,1001.6
2023-03-30,0.8,63.1,1010.6
2023-03-31,10.8,69.0,1005.8
2023-04-01,14.7,62.3,1022.8
2023-04-02,15.2,76.2,1004.1
2023-04-03,10.2,76.3,1013.3
2023-04-04,9.6,44.6,1017.1
2023-04-05,-8.7,62.7,1014.6
2023-04-06,2.3,86.8,1019.0
2023-04-07,11.1,79.1,1011.0
2023-04-08,11.8,81.9,1017.0
2023-04-09,14.8,76.9,1007.3
2023-04-10,12.2,71.3,1003.3
2023-04-11,5.8,61.9,1018.3
2023-04-12,11.9,64.3,1013.6
2023-04-13,9.0,70.6,1013.3
2023-04-14,4.8,81.0,1010.2
2023-04-15,20.4,52.9,1006.9
2023-04-16,11.1,66.3,1021.2
2023-04-17,18.8,70.5,1016.0
2023-04-18,16.8,76.6,1017.3
2023-04-19,11.1,58.2,1011.0
2023-04-20,11.4,63.1,1010.5
2023-04-21,0.3,55.2,1012.9
2023-04-22,8.4,73.1,1013.2
2023-04-23,7.3,50.1,1009.4
2023-04-24,8.7,54.9,1000.6
2023-04-25,7.6,81.1,1010.9
2023-04-26,9.2,86.4,1010.7
2023-04-27,13.5,76.1,1008.1
2023-04-28,8.5,63.9,1007.8
2023-04-29,9.3,70.6,1016.2
2023-04-30,13.9,59.1,1011.2
2023-05-01,18.1,73.9,1015.1
2023-05-02,13.6,73.8,1017.1
2023-05-03,17.1,58.3,1013.9
2023-05-04,14.8,63.3,1019.5
2023-05-05,15.1,76.1,1013.4
2023-05-06,16.4,59.8,1007.5
2023-05-07,15.8,61.9,1006.9
2023-05-08,15.3,72.3,1007.4
2023-05-09,14.8,66.0,1009.9
2023-05-10,17.4,59.9,1016.9
2023-05-11,20.8,59.7,1010.1
2023-05-12,6.5,92.6,1018.4
2023-05-13,14.3,87.3,1023.1
2023-05-14,18.2,61.9,1009.3
2023-05-15,15.8,66.5,1003.0
2023-05-16,16.4,69.1,1005.6
2023-05-17,18.0,74.6,1009.5
2023-05-18,19.8,78.2,1016.9
2023-05-19,11.0,68.5,1023.5
2023-05-20,18.3,70.1,1008.8
2023-05-21,13.9,65.8,1022.0
2023-05-22,18.5,70.2,1010.1
2023-05-23,17.3,74.6,1021.7
2023-05-24,10.8,77.3,1003.3
2023-05-25,13.4,62.1,1011.5
2023-05-26,14.7,59.5,1016.7
2023-05-27,11.2,68.0,1009.1
2023-05-28,9.8,59.8,1020.0
2023-05-29,15.9,75.6,1010.5
2023-05-30,12.3,66.0,1008.9
2023-05-31,15.3,76.5,1010.8
2023-06-01,9.8,71.1,1024.1
2023-06-02,23.9,61.7,1018.8
2023-06-03,21.6,80.5,1013.1
2023-06-04,11.2,55.2,1011.3
2023-06-05,29.6,68.2,1018.2
2023-06-06,17.3,67.3,1015.7
2023-06-07,15.6,51.6,1014.9
2023-06-08,23.4,71.9,1019.1
2023-06-09,17.9,95.3,1001.5
2023-06-10,18.5,89.2,1009.6
2023-06-11,24.4,70.3,1010.6
2023-06-12,12.5,73.1,1009.5
2023-06-13,16.9,72.3,1016.8
2023-06-14,15.4,59.5,1011.8
2023-06-15,18.8,62.8,1017.3
2023-06-16,23.2,66.5,1009.9
2023-06-17,26.6,79.8,1017.6
2023-06-18,14.9,70.4,1011.3
2023-06-19,13.7,79.7,1018.2
2023-06-20,21.3,63.3,1015.8
2023-06-21,19.8,65.3,1023.7
2023-06-22,19.8,61.8,1005.9
2023-06-23,24.6,71.4,1002.4
2023-06-24,16.2,71.5,1019.0
2023-06-25,24.9,82.8,1010.6
2023-06-26,26.0,79.6,1019.9
2023-06-27,19.3,78.2,1015.9
2023-06-28,14.4,78.6,1006.6
2023-06-29,19.6,75.6,1020.6
2023-06-30,24.5,78.9,1016.4
2023-07-01,23.3,77.3,1008.9
2023-07-02,21.6,75.7,1022.7
2023-07-03,16.1,69.8,1011.2
2023-07-04,23.1,59.4,1003.3
2023-07-05,29.5,72.2,1013.3
2023-07-06,11.7,59.3,1014.9
2023-07-07,22.3,70.4,1021.6
2023-07-08,28.1,58.7,1014.1
2023-07-09,27.9,75.2,1010.0
2023-07-10,27.9,65.7,1016.3
2023-07-11,10.8,73.9,1009.8
2023-07-12,19.9,58.0,1013.7
2023-07-13,25.0,75.0,1015.6
2023-07-14,29.8,79.3,1008.8
2023-07-15,22.2,85.3,1020.4
2023-07-16,24.2,89.2,1016.1
2023-07-17,24.1,80.0,1013.3
2023-07-18,28.4,72.7,1006.8
2023-07-19,26.0,99.3,1022.1
2023-07-20,22.7,67.2,1007.0
2023-07-21,25.0,64.4,1001.4
2023-07-22,20.2,99.1,1010.9
2023-07-23,19.1,67.5,1022.4
2023-07-24,21.5,76.6,1010.3
2023-07-25,9.5,95.3,1021.9
2023-07-26,25.0,78.7,1014.8
2023-07-27,20.8,84.7,1016.2
2023-07-28,24.0,61.7,1016.0
2023-07-29,14.6,67.4,1019.5
2023-07-30,21.8,73.6,1013.3
2023-07-31,19.1,74.4,1008.0
2023-08-01,18.6,79.7,1008.3
2023-08-02,16.1,76.8,1015.0
2023-08-03,27.0,66.7,1017.2
2023-08-04,8.7,60.3,1005.7
2023-08-05,8.7,68.1,1004.9
2023-08-06,22.8,72.2,1007.4
2023-08-07,22.5,64.7,1009.1
2023-08-08,23.1,82.1,1014.0
2023-08-09,28.9,74.2,1015.1
2023-08-10,31.0,63.5,1007.6
2023-08-11,25.3,77.1,1020.3
2023-08-12,16.2,65.2,1017.9
2023-08-13,17.2,75.0,1003.9
2023-08-14,25.3,77.9,1006.9
2023-08-15,21.0,60.9,1011.9
2023-08-16,22.7,81.1,1002.8
2023-08-17,20.2,76.0,1002.2
2023-08-18,23.8,70.5,1005.1
2023-08-19,22.6,64.6,1013.9
2023-08-20,20.7,71.6,1018.6
2023-08-21,25.8,84.3,1008.7
2023-08-22,30.5,73.5,1015.4
2023-08-23,18.8,68.6,1016.1
2023-08-24,20.9,62.2,1012.9
2023-08-25,22.1,69.5,1012.9
2023-08-26,22.2,74.1,1019.7
2023-08-27,26.1,70.6,1002.6
2023-08-28,15.6,58.2,1012.5
2023-08-29,22.4,72.2,1003.5
2023-08-30,32.5,68.3,1014.0
2023-08-31,26.7,75.4,1017.7
2023-09-01,11.9,69.8,1020.1
2023-09-02,20.1,59.0,1013.3
2023-09-03,16.6,43.5,1018.2
2023-09-04,14.9,56.8,1011.8
2023-09-05,14.0,64.5,1005.4
2023-09-06,26.4,75.1,1024.1
2023-09-07,11.5,63.3,1011.8
2023-09-08,17.4,76.1,1011.8
2023-09-09,17.0,82.5,997.5
2023-09-10,24.2,69.7,1003.3
2023-09-11,19.5,81.9,1005.0
2023-09-12,20.3,73.6,1017.8
2023-09-13,28.6,66.0,1014.3
2023-09-14,9.0,58.6,1006.2
2023-09-15,13.6,80.0,1012.7
2023-09-16,13.4,75.2,1015.8
2023-09-17,8.5,64.5,1016.1
2023-09-18,14.4,81.4,1006.1
2023-09-19,17.7,81.0,1018.4
2023-09-20,17.6,74.8,1014.2
2023-09-21,7.3,78.0,1014.9
2023-09-22,15.0,63.2,1008.1
2023-09-23,18.3,77.2,1013.0
2023-09-24,18.2,76.8,1023.2
2023-09-25,18.1,81.7,1012.2
2023-09-26,22.3,63.6,1022.7
2023-09-27,23.0,68.3,1015.3
2023-09-28,15.0,56.6,1007.2
2023-09-29,12.6,71.0,1005.6
2023-09-30,23.8,79.9,1008.4
2023-10-01,16.4,74.6,1009.2
2023-10-02,11.6,62.9,1021.8
2023-10-03,13.4,62.1,1016.0
2023-10-04,11.1,76.9,1011.6
2023-10-05,5.6,67.1,1016.3
2023-10-06,7.6,64.6,998.7
2023-10-07,20.0,52.6,1009.6
2023-10-08,12.0,60.3,1000.5
2023-10-09,14.7,69.3,1016.1
2023-10-10,11.1,68.2,1014.3
2023-10-11,14.4,64.3,1010.6
2023-10-12,21.8,56.4,1010.8
2023-10-13,15.6,64.3,1001.3
2023-10-14,8.1,61.9,1019.8
2023-10-15,14.6,70.8,1015.0
2023-10-16,13.9,77.4,1017.8
2023-10-17,13.7,74.9,1009.0
2023-10-18,23.9,68.7,1012.4
2023-10-19,14.7,83.9,1020.4
2023-10-20,12.2,66.9,1007.7
2023-10-21,17.6,75.2,1001.7
2023-10-22,11.6,73.5,1022.7
2023-10-23,18.5,78.9,1023.7
2023-10-24,13.9,72.5,1008.0
2023-10-25,6.1,67.2,1005.5
2023-10-26,12.3,71.9,1021.2
2023-10-27,13.5,77.1,1019.2
2023-10-28,18.8,74.7,1011.0
2023-10-29,6.1,63.2,1004.6
2023-10-30,21.5,40.0,1016.3
2023-10-31,8.6,85.4,1015.6
2023-11-01,8.4,84.9,1006.3
2023-11-02,3.1,77.0,1018.3
2023-11-03,7.0,82.6,1019.8
2023-11-04,6.4,78.3,1005.5
2023-11-05,-1.5,80.0,1008.3
2023-11-06,18.6,67.8,999.5
2023-11-07,6.6,63.7,1007.4
2023-11-08,8.9,74.7,1025.1
2023-11-09,7.8,74.3,1016.0
2023-11-10,11.0,74.8,1017.0
2023-11-11,8.0,65.9,1020.7
2023-11-12,-10.0,66.5,1004.2
2023-11-13,1.1,68.2,1014.1
2023-11-14,7.5,64.3,1016.8
2023-11-15,-3.6,75.2,1016.3
2023-11-16,4.4,63.6,1016.7
2023-11-17,2.3,60.3,1012.6
2023-11-18,8.9,81.9,1011.9
2023-11-19,12.6,63.5,1004.0
2023-11-20,3.2,71.0,1010.1
2023-11-21,2.9,68.3,1026.9
2023-11-22,4.4,85.5,1015.3
2023-11-23,-0.9,75.8,1017.6
2023-11-24,3.5,84.4,1013.3
2023-11-25,8.5,63.2,1012.6
2023-11-26,4.7,82.9,1010.6
2023-11-27,8.0,65.5,1016.0
2023-11-28,-2.7,74.1,998.9
2023-11-29,11.1,66.9,1010.5
2023-11-30,-0.7,75.6,1019.4
2023-12-01,0.2,54.5,1013.1
2023-12-02,4.7,65.0,1007.6
2023-12-03,5.7,54.5,1014.6
2023-12-04,-8.1,74.1,1019.2
2023-12-05,2.1,68.5,1001.2
2023-12-06,0.9,62.5,1015.1
2023-12-07,1.9,72.9,1010.1
2023-12-08,4.1,58.5,1018.5
2023-12-09,1.1,62.0,1020.7
2023-12-10,5.2,80.5,1015.5
2023-12-11,13.1,76.1,1014.3
2023-12-12,-3.0,68.5,1014.2
2023-12-13,6.0,71.2,1005.6
2023-12-14,4.1,73.6,1019.1
2023-12-15,-10.4,79.1,1015.4
2023-12-16,2.7,88.3,1017.4
2023-12-17,0.6,54.8,1013.9
2023-12-18,0.2,71.4,1017.0
2023-12-19,-5.4,41.6,1016.2
2023-12-20,-5.7,88.5,1009.2
2023-12-21,-0.6,75.0,1011.9
2023-12-22,2.6,81.3,1017.7
2023-12-23,4.9,71.5,1010.6
2023-12-24,-3.1,86.4,1008.3
2023-12-25,4.1,59.8,1002.5
2023-12-26,-3.4,79.2,1015.2
2023-12-27,-5.6,89.2,1007.0
2023-12-28,1.8,59.0,1011.1
2023-12-29,3.4,90.5,1013.5
2023-12-30,7.7,74.1,1010.1
2023-12-31,-0.5,76.0,1012.9
2024-01-01,-0.9,69.0,1012.7
2024-01-02,-2.6,60.4,1013.0
2024-01-03,-6.0,86.4,1014.8
2024-01-04,3.1,75.5,1008.3
2024-01-05,1.5,76.7,1020.8
2024-01-06,0.9,85.3,1012.8
2024-01-07,-5.4,68.9,1017.2
2024-01-08,-3.7,87.0,1013.6
2024-01-09,-2.0,62.8,1008.8
2024-01-10,-3.8,74.6,1006.2
2024-01-11,2.3,68.1,999.0
2024-01-12,2.9,96.1,1031.8
2024-01-13,3.7,84.7,1017.3
2024-01-14,-3.0,59.0,1022.4
2024-01-15,-3.6,76.8,1012.1
2024-01-16,4.7,89.9,1016.1
2024-01-17,-0.7,64.4,1019.6
2024-01-18,-0.7,58.6,1001.3
2024-01-19,1.7,68.6,1021.8
2024-01-20,-3.8,64.5,1014.5
2024-01-21,-8.1,61.8,1014.0
2024-01-22,-7.9,68.7,1019.2
2024-01-23,-3.1,69.8,1004.1
2024-01-24,-1.4,67.8,1005.9
2024-01-25,-4.8,44.3,1017.3
2024-01-26,-5.6,66.0,1001.7
2024-01-27,-0.4,51.8,1010.0
2024-01-28,1.8,71.1,1026.8
2024-01-29,-1.5,74.8,1009.2
2024-01-30,-4.5,80.8,1017.2
2024-01-31,0.3,67.9,1020.1
2024-02-01,-3.0,69.0,1011.7
2024-02-02,1.8,82.3,1011.6
2024-02-03,-7.7,69.2,1011.4
2024-02-04,2.3,60.4,1016.2
2024-02-05,-2.9,59.5,1014.0
2024-02-06,1.4,87.4,1013.3
2024-02-07,-3.3,99.5,1011.4
2024-02-08,-0.9,65.7,1013.0
2024-02-09,10.0,72.0,1001.6
2024-02-10,3.5,69.9,1012.0
2024-02-11,-8.1,62.4,1009.5
2024-02-12,4.0,88.2,1020.2
2024-02-13,-0.7,54.4,1013.6
2024-02-14,-0.7,55.7,1021.3
2024-02-15,-7.4,78.6,1004.5
2024-02-16,-0.7,79.4,1010.8
2024-02-17,7.6,82.8,1010.3
2024-02-18,-0.2,69.9,1020.3
2024-02-19,-6.4,48.4,1016.7
2024-02-20,-9.3,81.9,1012.0
2024-02-21,3.8,86.0,1026.8
2024-02-22,2.5,68.5,1010.7
2024-02-23,2.9,62.3,1017.3
2024-02-24,0.7,65.8,1012.2
2024-02-25,2.7,81.9,1011.1
2024-02-26,-9.8,76.2,1008.0
2024-02-27,8.4,59.6,1012.3
2024-02-28,-0.2,78.3,1007.4
2024-02-29,3.7,87.8,1018.9
2024-03-01,-4.8,71.5,1009.0
2024-03-02,5.1,67.3,1012.4
2024-03-03,-5.1,61.4,1017.4
2024-03-04,-4.5,58.8,1008.5
2024-03-05,2.9,72.9,1002.3
2024-03-06,10.4,65.8,1016.6
2024-03-07,12.5,67.9,1012.0
2024-03-08,0.2,70.6,1027.5
2024-03-09,3.0,48.6,1018.5
2024-03-10,12.6,63.9,1015.6
2024-03-11,8.4,60.4,1012.2
2024-03-12,2.2,91.4,1005.8
2024-03-13,5.5,85.7,1014.4
2024-03-14,2.1,57.1,1016.0
2024-03-15,3.3,44.9,1009.1
2024-03-16,-0.6,64.8,1011.8
2024-03-17,-0.1,66.3,1008.5
2024-03-18,8.1,79.9,1007.2
2024-03-19,4.7,79.8,1015.6
2024-03-20,1.7,52.2,1002.3
2024-03-21,5.0,68.3,1001.0
2024-03-22,-1.2,69.9,1013.7
2024-03-23,-4.1,70.8,1014.9
2024-03-24,6.5,57.7,1009.8
2024-03-25,5.6,62.0,1019.1
2024-03-26,8.0,88.0,1019.6
2024-03-27,0.3,62.6,1001.2
2024-03-28,6.8,51.1,1010.0
2024-03-29,12.1,82.8,1012.2
2024-03-30,11.1,70.3,1011.7
2024-03-31,-0.6,54.0,1010.3
2024-04-01,7.8,71.5,1007.2
2024-04-02,17.9,56.8,1017.2
2024-04-03,9.7,72.4,1025.2
2024-04-04,5.4,86.2,1017.9
2024-04-05,12.5,64.8,1002.2
2024-04-06,5.2,72.6,1014.2
2024-04-07,23.4,65.7,1001.5
2024-04-08,15.2,68.5,1020.8
2024-04-09,13.0,65.6,1010.4
2024-04-10,18.0,92.6,1007.7
2024-04-11,2.7,73.7,1004.3
2024-04-12,10.1,54.7,1009.1
2024-04-13,8.3,64.3,1017.7
2024-04-14,18.0,66.6,1008.1
2024-04-15,8.8,66.9,1008.7
2024-04-16,19.4,79.9,1009.8
2024-04-17,12.1,70.7,1016.4
2024-04-18,12.6,82.5,1027.8
2024-04-19,11.6,68.6,1013.6
2024-04-20,15.3,78.2,1016.0
2024-04-21,11.7,71.9,1015.1
2024-04-22,-3.7,69.4,1014.5
2024-04-23,5.6,71.0,1010.0
2024-04-24,5.4,84.4,1020.3
2024-04-25,5.1,83.2,1004.1
2024-04-26,17.6,68.7,1023.7
2024-04-27,14.1,82.1,1011.0
2024-04-28,5.6,59.9,1011.3
2024-04-29,16.4,74.4,1011.7
2024-04-30,12.9,71.4,1020.9
2024-05-01,19.9,71.2,1007.3
2024-05-02,12.6,79.8,1012.1
2024-05-03,11.2,70.7,1013.2
2024-05-04,19.3,56.7,1021.0
2024-05-05,6.4,70.2,1005.3
2024-05-06,7.0,94.2,1020.8
2024-05-07,10.3,69.0,1024.5
2024-05-08,17.5,69.7,1020.6
2024-05-09,4.4,80.2,1013.4
2024-05-10,24.0,66.1,1006.5
2024-05-11,17.5,57.2,1010.4
2024-05-12,3.8,74.2,1011.3
2024-05-13,17.7,75.4,1012.4
2024-05-14,11.9,92.0,1016.4
2024-05-15,20.0,73.1,1011.0
2024-05-16,18.0,85.2,1006.1
2024-05-17,15.3,72.4,1018.5
2024-05-18,19.0,65.8,1007.1
2024-05-19,14.8,77.0,1019.2
2024-05-20,19.9,71.4,1009.6
2024-05-21,23.1,79.9,1017.4
2024-05-22,18.1,47.2,1022.5
2024-05-23,11.5,70.5,1011.5
2024-05-24,6.9,88.2,1021.1
2024-05-25,14.7,66.0,1014.7
2024-05-26,13.5,71.5,1013.9
2024-05-27,-0.3,71.1,1008.6
2024-05-28,11.4,63.4,1019.5
2024-05-29,10.6,69.5,1008.8
2024-05-30,18.0,70.5,1013.7
2024-05-31,12.5,67.1,1016.1
2024-06-01,23.7,73.2,1023.0
2024-06-02,19.3,63.4,1020.5
2024-06-03,23.6,75.8,1016.8
2024-06-04,15.2,65.7,1011.4
2024-06-05,23.2,67.6,1014.8
2024-06-06,20.5,60.6,1009.5
2024-06-07,18.3,77.0,1011.2
2024-06-08,19.4,61.7,1017.5
2024-06-09,16.5,76.4,1009.8
2024-06-10,25.9,58.7,1004.6
2024-06-11,18.3,88.7,1013.1
2024-06-12,12.5,71.5,1015.8
2024-06-13,15.3,62.1,1000.7
2024-06-14,18.2,68.7,1022.6
2024-06-15,16.6,77.3,1013.6
2024-06-16,24.1,49.0,1015.1
2024-06-17,18.5,78.0,1003.9
2024-06-18,16.0,86.8,1011.6
2024-06-19,18.8,59.5,1008.9
2024-06-20,11.1,65.1,1003.9
2024-06-21,17.3,71.4,1011.8
2024-06-22,8.3,57.9,1005.5
2024-06-23,14.1,70.6,1006.4
2024-06-24,27.6,70.5,1009.3
2024-06-25,21.2,65.1,1012.9
2024-06-26,18.3,75.9,1012.9
2024-06-27,14.6,59.0,1007.8
2024-06-28,18.0,99.3,1015.2
2024-06-29,23.4,55.4,1030.6
2024-06-30,14.6,75.0,1010.2
2024-07-01,25.7,77.2,998.3
2024-07-02,15.4,56.1,1014.9
2024-07-03,20.7,83.3,1020.1
2024-07-04,17.6,58.9,1012.3
2024-07-05,23.6,77.7,1014.6
2024-07-06,18.8,78.6,1006.4
2024-07-07,24.7,74.3,1010.7
2024-07-08,22.0,70.0,1014.9
2024-07-09,25.0,67.4,1017.0
2024-07-10,24.1,65.1,1008.3
2024-07-11,21.5,71.1,1022.8
2024-07-12,14.5,58.2,1016.3
2024-07-13,23.9,66.7,1021.1
2024-07-14,39.2,58.2,1021.6
2024-07-15,31.5,87.5,1019.2
2024-07-16,29.9,73.8,1009.6
2024-07-17,25.7,79.9,1006.7
2024-07-18,20.2,57.1,1011.0
2024-07-19,21.7,76.2,1013.5
2024-07-20,27.9,62.7,1007.7
2024-07-21,22.6,61.2,1007.3
2024-07-22,24.1,68.6,1012.1
2024-07-23,23.0,83.8,1015.7
2024-07-24,19.5,59.4,1006.0
2024-07-25,27.2,77.1,1009.8
2024-07-26,18.7,62.4,1019.3
2024-07-27,28.9,52.2,1017.1
2024-07-28,23.6,67.9,1011.1
2024-07-29,17.4,60.9,1010.4
2024-07-30,27.8,70.3,1002.0
2024-07-31,17.6,57.2,1007.5
2024-08-01,14.1,48.2,1015.6
2024-08-02,24.6,71.6,1008.9
2024-08-03,26.5,79.2,1006.0
2024-08-04,18.3,81.6,1013.7
2024-08-05,15.7,76.0,1012.5
2024-08-06,24.4,81.7,1008.5
2024-08-07,17.1,92.4,1006.5
2024-08-08,24.7,70.6,1013.3
2024-08-09,20.9,65.9,1013.0
2024-08-10,18.8,77.5,1003.3
2024-08-11,19.1,62.0,1008.5
2024-08-12,13.9,65.6,1007.3
2024-08-13,21.6,84.4,1008.5
2024-08-14,18.2,53.7,1000.7
2024-08-15,23.9,61.0,1012.1
2024-08-16,30.4,73.5,1011.8
2024-08-17,20.0,83.5,1010.2
2024-08-18,16.5,58.3,1014.7
2024-08-19,24.8,65.6,1014.4
2024-08-20,20.4,59.0,1017.5
2024-08-21,17.8,75.1,1019.0
2024-08-22,17.1,65.6,1005.9
2024-08-23,21.9,54.7,1011.4
2024-08-24,15.9,62.2,1009.3
2024-08-25,14.4,62.2,1020.2
2024-08-26,13.8,68.4,1005.8
2024-08-27,16.7,68.4,1000.6
2024-08-28,21.5,66.1,1018.8
2024-08-29,23.9,85.8,1003.8
2024-08-30,13.5,73.4,1009.7
2024-08-31,15.5,74.9,1017.9
2024-09-01,21.4,57.7,1014.3
2024-09-02,13.9,63.1,1009.1
2024-09-03,14.7,89.3,1010.0
2024-09-04,16.9,83.3,999.9
2024-09-05,11.0,70.2,1000.0
2024-09-06,21.1,57.7,1028.3
2024-09-07,14.6,76.0,1015.0
2024-09-08,11.3,76.0,1010.9
2024-09-09,17.4,40.0,1000.3
2024-09-10,12.4,62.2,1008.0
2024-09-11,16.1,81.5,1002.5
2024-09-12,15.0,88.7,1014.9
2024-09-13,12.9,78.4,1016.8
2024-09-14,18.6,73.5,1016.0
2024-09-15,22.9,46.1,1014.9
2024-09-16,12.3,77.1,1009.8
2024-09-17,13.4,75.2,1014.8
2024-09-18,9.8,65.9,1012.7
2024-09-19,24.3,61.0,1013.2
2024-09-20,16.8,60.9,1023.1
2024-09-21,8.0,61.0,1013.3
2024-09-22,27.1,82.8,1015.8
2024-09-23,16.3,58.6,1002.8
2024-09-24,22.5,65.8,1014.2
2024-09-25,10.9,72.0,1011.0
2024-09-26,14.1,68.3,1017.2
2024-09-27,23.0,72.6,1021.8
2024-09-28,10.6,60.5,1009.7
2024-09-29,16.1,61.2,1008.1
2024-09-30,16.2,57.0,1012.9
2024-10-01,12.8,77.9,1016.7
2024-10-02,10.9,76.3,1024.4
2024-10-03,15.0,69.3,1013.4
2024-10-04,8.2,94.7,1000.9
2024-10-05,10.7,75.8,1012.1
2024-10-06,14.8,81.6,1014.7
2024-10-07,8.8,55.0,1004.2
2024-10-08,6.3,67.7,1015.6
2024-10-09,11.2,59.0,1008.7
2024-10-10,12.6,54.3,1020.1
2024-10-11,2.5,62.8,1013.2
2024-10-12,17.5,77.4,1008.6
2024-10-13,9.9,72.0,1005.8
2024-10-14,8.1,62.7,1004.5
2024-10-15,3.1,74.3,1006.6
2024-10-16,17.5,54.9,1004.0
2024-10-17,15.3,76.2,1016.9
2024-10-18,0.5,61.2,1013.9
2024-10-19,10.2,56.5,1014.3
2024-10-20,5.7,61.2,1010.9
2024-10-21,11.0,63.4,997.5
2024-10-22,14.2,67.9,1011.4
2024-10-23,13.0,57.0,1017.2
2024-10-24,7.2,58.7,1007.7
2024-10-25,12.0,62.0,1016.2
2024-10-26,1.7,76.5,1005.1
2024-10-27,6.4,61.8,1019.2
2024-10-28,12.1,78.4,1006.0
2024-10-29,12.6,80.7,1012.7
2024-10-30,9.8,78.1,1024.0
2024-10-31,8.9,82.0,1007.8
2024-11-01,-0.6,67.8,1018.2
2024-11-02,5.9,76.5,1004.5
2024-11-03,6.5,70.0,1010.7
2024-11-04,13.2,62.3,1006.7
2024-11-05,9.5,78.6,1016.8
2024-11-06,8.8,95.7,1020.2
2024-11-07,9.6,54.5,1016.1
2024-11-08,13.8,61.1,1013.1
2024-11-09,5.8,79.6,1006.3
2024-11-10,11.1,95.0,1018.6
2024-11-11,4.9,76.8,1012.7
2024-11-12,3.6,70.0,1011.3
2024-11-13,-1.5,59.2,1012.8
2024-11-14,9.6,78.4,1013.8
2024-11-15,11.3,68.7,1019.8
2024-11-16,10.9,69.6,1007.2
2024-11-17,10.0,70.9,1016.7
2024-11-18,12.4,63.4,1007.8
2024-11-19,-6.2,62.9,1016.0
2024-11-20,10.3,72.3,994.9
2024-11-21,2.7,50.3,1008.2
2024-11-22,5.9,68.3,1022.6
2024-11-23,12.6,83.0,1024.4
2024-11-24,6.0,72.6,1008.0
2024-11-25,4.6,79.8,1014.6
2024-11-26,11.1,68.2,1006.2
2024-11-27,0.2,76.5,1015.5
2024-11-28,10.4,62.3,1008.2
2024-11-29,6.0,67.2,1010.8
2024-11-30,10.0,76.3,1010.0
2024-12-01,2.5,61.9,1012.7
2024-12-02,-0.7,73.8,1012.8
2024-12-03,-0.4,73.9,1013.9
2024-12-04,4.5,58.9,1012.8
2024-12-05,2.7,68.1,1011.8
2024-12-06,8.0,77.4,1023.7
2024-12-07,3.8,61.8,1022.6
2024-12-08,-4.4,65.8,1014.7
2024-12-09,3.7,61.4,1016.0
2024-12-10,-6.7,74.2,1009.8
2024-12-11,-4.6,55.5,1003.7
2024-12-12,-0.6,84.3,1006.6
2024-12-13,-2.9,92.3,1005.6
2024-12-14,3.1,71.2,1026.9
2024-12-15,2.8,61.3,1023.3
2024-12-16,6.5,68.0,1013.6
2024-12-17,5.3,68.0,1005.1
2024-12-18,-4.7,71.2,1027.3
2024-12-19,-6.6,76.7,1014.3
2024-12-20,-1.3,69.5,1008.8
2024-12-21,2.4,60.3,1005.7
2024-12-22,-8.1,63.0,1014.9
2024-12-23,1.7,79.5,1009.9
2024-12-24,-3.1,77.6,1018.8
2024-12-25,2.2,77.7,1007.7
2024-12-26,-7.0,65.0,1012.1
2024-12-27,-3.7,83.6,1008.7
2024-12-28,-1.2,74.9,1006.6
2024-12-29,-2.1,68.7,1010.8
2024-12-30,0.0,44.6,1017.2
2024-12-31,2.0,68.9,1010.5
2025-01-01,-10.4,61.9,1013.0
2025-01-02,2.6,72.9,1012.2
2025-01-03,-1.6,62.2,1003.6
2025-01-04,-7.8,62.2,1016.0
2025-01-05,0.2,77.6,1003.0
2025-01-06,4.6,51.6,1008.9
2025-01-07,5.7,65.5,1006.9
2025-01-08,-4.8,69.4,1014.4
2025-01-09,-2.6,76.3,1004.3
2025-01-10,0.2,82.8,1010.1
2025-01-11,-7.2,84.7,1009.7
2025-01-12,-0.1,68.7,996.7
2025-01-13,0.5,76.6,1015.4
2025-01-14,4.9,71.8,1011.1
2025-01-15,0.3,65.9,1006.8
2025-01-16,-0.2,61.4,1007.1
2025-01-17,-7.8,62.4,1006.9
2025-01-18,-0.3,67.3,1017.0
2025-01-19,2.2,63.9,1014.1
2025-01-20,3.8,74.9,1018.5
2025-01-21,-4.5,95.4,1003.8
2025-01-22,3.6,79.6,1014.3
2025-01-23,-12.7,69.9,1014.8
2025-01-24,-3.1,61.6,1008.0
2025-01-25,-8.3,79.8,1015.6
2025-01-26,3.1,63.1,1014.2
2025-01-27,0.2,69.8,1006.5
2025-01-28,0.9,93.1,1021.8
2025-01-29,-2.1,62.1,1013.8
2025-01-30,3.9,79.0,1020.4
2025-01-31,0.1,64.8,1006.5
2025-02-01,-1.5,67.1,1013.0
2025-02-02,-1.9,50.7,1012.8
2025-02-03,1.1,63.6,1008.1
2025-02-04,-4.2,79.1,1007.5
2025-02-05,-1.4,81.5,1011.2
2025-02-06,-9.7,70.7,1019.0
2025-02-07,-3.2,57.5,1011.3
2025-02-08,-0.8,74.4,1017.4
2025-02-09,-0.2,64.1,1014.0
2025-02-10,-3.7,67.5,1024.5
2025-02-11,5.1,62.6,1009.0
2025-02-12,-4.3,49.7,1004.7
2025-02-13,1.4,98.0,1007.4
2025-02-14,8.9,89.1,1003.7
2025-02-15,3.5,60.2,1019.4
2025-02-16,2.4,83.0,1011.7
2025-02-17,2.6,80.8,1014.7
2025-02-18,-6.9,78.5,1019.2
2025-02-19,2.2,70.1,1021.0
2025-02-20,-2.0,58.1,1024.6
2025-02-21,-6.4,50.4,1012.0
2025-02-22,0.5,62.2,1014.6
2025-02-23,-10.1,65.7,1011.4
2025-02-24,0.2,90.3,1012.4
2025-02-25,-1.8,62.4,1002.2
2025-02-26,5.0,81.3,1017.5
2025-02-27,-1.3,73.2,1012.5
2025-02-28,4.0,71.0,998.1
2025-03-01,9.9,84.2,1015.8
2025-03-02,11.2,65.9,1017.2
2025-03-03,5.4,74.9,1009.1
2025-03-04,6.2,92.2,1016.3
2025-03-05,-0.9,68.3,1005.3
2025-03-06,3.6,71.2,1019.1
2025-03-07,3.1,77.2,1019.1
2025-03-08,2.9,79.3,1013.3
2025-03-09,8.1,74.0,1015.1
2025-03-10,-4.2,68.9,1005.1
2025-03-11,2.1,85.5,1004.2
2025-03-12,6.8,73.5,996.5
2025-03-13,1.5,72.4,1025.6
2025-03-14,-0.3,85.3,1009.8
2025-03-15,0.7,65.2,1010.1
2025-03-16,7.0,81.7,1002.5
2025-03-17,1.7,75.7,1006.7
2025-03-18,3.2,66.8,1015.1
2025-03-19,5.6,56.5,1010.2
2025-03-20,-1.6,82.9,1012.1
2025-03-21,-0.7,71.3,1009.2
2025-03-22,2.5,63.5,1009.5
2025-03-23,8.9,70.6,1018.4
2025-03-24,5.6,68.0,1014.7
2025-03-25,0.0,73.7,1018.3
2025-03-26,5.5,93.2,1009.7
2025-03-27,1.3,75.8,1010.6
2025-03-28,14.2,74.2,1015.3
2025-03-29,11.2,55.9,1011.6
2025-03-30,1.9,75.1,1025.0
2025-03-31,6.1,73.6,1003.0
2025-04-01,7.1,89.4,1004.7
2025-04-02,14.1,68.4,1009.2
2025-04-03,12.5,70.7,1008.5
2025-04-04,18.3,76.6,1015.3
2025-04-05,15.8,61.9,1015.4
2025-04-06,11.1,69.4,998.2
2025-04-07,10.9,66.4,1019.0
2025-04-08,8.3,76.9,1025.7
2025-04-09,14.5,82.9,1006.7
2025-04-10,7.2,73.1,1012.5
2025-04-11,3.7,74.5,1011.1
2025-04-12,-2.9,71.2,1025.8
2025-04-13,8.0,50.3,1015.3
2025-04-14,3.4,55.8,1005.6
2025-04-15,14.6,64.2,1005.8
2025-04-16,10.5,75.1,1015.9
2025-04-17,9.1,79.6,996.7
2025-04-18,14.2,81.8,1014.9
2025-04-19,-3.4,67.5,1024.1
2025-04-20,8.8,67.6,1000.1
2025-04-21,6.1,90.1,1016.4
2025-04-22,15.9,72.4,1020.0
2025-04-23,8.0,67.9,1014.0
2025-04-24,9.5,69.7,1016.5
2025-04-25,13.1,63.0,1012.1
2025-04-26,1.1,70.5,1001.8
2025-04-27,4.1,62.4,1002.8
2025-04-28,14.2,71.6,1010.2
2025-04-29,7.8,79.8,1011.4
2025-04-30,4.7,68.8,1007.1
2025-05-01,14.4,62.4,1012.2
2025-05-02,11.2,60.3,1012.3
2025-05-03,18.3,82.9,1013.8
2025-05-04,12.2,62.6,1009.2
2025-05-05,12.1,74.7,1025.0
2025-05-06,19.2,51.3,1009.5
2025-05-07,15.3,70.2,1011.3
2025-05-08,9.7,57.5,1019.6
2025-05-09,10.0,82.6,1004.5
2025-05-10,25.3,62.8,1002.6
2025-05-11,19.2,64.0,1015.8
2025-05-12,11.1,84.6,1004.4
2025-05-13,15.9,64.9,1016.4
2025-05-14,11.4,61.9,1015.7
2025-05-15,-1.6,83.4,1013.1
2025-05-16,19.8,82.4,1006.5
2025-05-17,20.0,63.7,1011.6
2025-05-18,12.2,57.7,1001.4
2025-05-19,19.9,71.8,1015.3
2025-05-20,11.7,54.7,1018.6
2025-05-21,14.2,99.5,1017.6
2025-05-22,14.8,72.8,1010.8
2025-05-23,21.2,74.9,1014.0
2025-05-24,22.2,88.8,1020.4
2025-05-25,11.6,65.7,1020.8
2025-05-26,19.1,68.0,1013.3
2025-05-27,12.7,73.0,1018.2
2025-05-28,11.8,83.1,1029.5
2025-05-29,15.0,61.2,1013.2
2025-05-30,12.2,65.8,1023.3
2025-05-31,10.7,69.6,1013.1
2025-06-01,17.6,68.2,1005.9
2025-06-02,23.8,61.1,1025.7
2025-06-03,10.8,75.3,1005.9
2025-06-04,22.6,67.9,1009.2
2025-06-05,14.0,77.6,1016.1
2025-06-06,20.8,76.1,1020.2
2025-06-07,20.2,75.8,1011.4
2025-06-08,20.7,65.3,1000.8
2025-06-09,21.8,67.5,1009.0
2025-06-10,11.4,65.4,1022.0
2025-06-11,33.3,48.5,1008.4
2025-06-12,17.7,60.9,1008.0
2025-06-13,13.0,78.5,1010.1
2025-06-14,19.4,60.7,1009.5
2025-06-15,15.8,43.8,1004.8
2025-06-16,12.7,57.8,1016.3
2025-06-17,26.6,64.7,1014.9
2025-06-18,22.3,57.0,1016.0
2025-06-19,13.8,76.2,1022.2
2025-06-20,17.8,72.0,1009.6
2025-06-21,16.9,68.6,1018.1
2025-06-22,14.2,83.8,1002.3
2025-06-23,23.5,79.1,1012.9
2025-06-24,20.8,52.7,1015.2
2025-06-25,19.6,63.3,1012.5
2025-06-26,14.2,68.8,1014.7
2025-06-27,11.7,42.6,1022.6
2025-06-28,20.2,72.3,1021.4
2025-06-29,20.6,69.4,1031.7
2025-06-30,22.8,61.9,1019.1
2025-07-01,30.6,65.5,1017.8
2025-07-02,21.6,77.8,1007.0
2025-07-03,18.9,76.3,1012.4
2025-07-04,16.7,67.1,1018.8
2025-07-05,11.9,74.5,1005.6
2025-07-06,24.1,41.6,1008.2
2025-07-07,23.3,70.1,1017.4
2025-07-08,23.5,74.4,1018.9
2025-07-09,25.1,81.2,1017.5
2025-07-10,18.8,73.4,1002.6
2025-07-11,20.5,73.7,1020.2
2025-07-12,17.4,69.3,1014.7
2025-07-13,26.2,66.4,1018.6
2025-07-14,31.6,57.5,1011.4
2025-07-15,18.1,67.2,1012.4
2025-07-16,21.8,70.1,1010.1
2025-07-17,22.3,67.2,1012.5
2025-07-18,22.5,70.7,1013.9
2025-07-19,17.3,73.7,1019.9
2025-07-20,26.8,68.6,1007.9
2025-07-21,25.6,74.1,1021.1
2025-07-22,23.4,62.6,1023.9
2025-07-23,22.8,73.2,1015.8
2025-07-24,15.8,70.5,1020.6
2025-07-25,22.9,79.5,1011.6
2025-07-26,20.6,56.8,1016.2
2025-07-27,16.5,77.9,1024.0
2025-07-28,17.0,53.2,1013.2
2025-07-29,21.7,63.5,1022.8
2025-07-30,23.4,53.4,1014.1
2025-07-31,32.5,68.7,1021.8
2025-08-01,22.4,52.7,1003.7
2025-08-02,16.6,85.9,1022.7
2025-08-03,23.3,73.3,1004.4
2025-08-04,21.7,76.7,1016.3
2025-08-05,23.6,60.3,1001.8
2025-08-06,17.0,70.3,1010.4
2025-08-07,17.5,72.0,1012.4
2025-08-08,19.3,80.6,1014.5
2025-08-09,19.0,71.4,1014.3
2025-08-10,24.2,73.0,1010.0
2025-08-11,26.3,75.2,1014.1
2025-08-12,21.2,55.5,1012.7
2025-08-13,36.9,57.7,1014.3
2025-08-14,16.8,74.0,1010.1
2025-08-15,19.7,64.3,1021.4
2025-08-16,23.4,66.6,1015.5
2025-08-17,28.3,62.9,1021.6
2025-08-18,16.0,61.5,1003.0
2025-08-19,27.4,83.6,1014.2
2025-08-20,29.8,64.4,1013.0
2025-08-21,21.0,68.6,1007.6
2025-08-22,27.2,83.1,1011.9
2025-08-23,24.9,69.9,1014.1
2025-08-24,19.2,79.2,1015.7
2025-08-25,22.7,68.0,1013.8
2025-08-26,22.2,75.9,1011.5
2025-08-27,26.6,68.8,1012.3
2025-08-28,22.4,77.9,1019.8
2025-08-29,28.2,83.6,1014.8
2025-08-30,25.2,79.9,1019.6
2025-08-31,15.6,82.6,1017.7
2025-09-01,14.9,56.2,1025.5
2025-09-02,19.3,80.4,1014.1
2025-09-03,21.7,58.5,1023.4
2025-09-04,24.2,82.1,1020.0
2025-09-05,7.8,64.5,1011.9
2025-09-06,21.8,69.1,1020.2
2025-09-07,11.7,69.2,1008.6
2025-09-08,15.6,67.0,1011.6
2025-09-09,16.0,86.2,1015.4
2025-09-10,13.1,74.7,1017.0
2025-09-11,21.1,71.7,1013.0
2025-09-12,17.7,73.4,1010.2
2025-09-13,23.2,92.6,1007.0
2025-09-14,17.7,79.9,1002.7
2025-09-15,18.3,55.3,1008.3
2025-09-16,15.6,62.4,1012.8
2025-09-17,13.6,67.0,1004.7
2025-09-18,12.5,62.9,1015.3
2025-09-19,11.7,78.7,1017.1
2025-09-20,10.4,78.4,1003.1
2025-09-21,18.4,62.1,1003.7
2025-09-22,17.2,86.8,1005.2
2025-09-23,12.3,77.6,1005.3
2025-09-24,15.5,74.5,1014.7
2025-09-25,12.3,63.2,1018.8
2025-09-26,13.8,73.7,1009.3
2025-09-27,23.5,76.3,1008.2
2025-09-28,13.9,82.3,1012.3
2025-09-29,13.2,71.2,1012.4
2025-09-30,23.1,81.5,1007.7
2025-10-01,13.8,75.0,1024.5
2025-10-02,13.4,65.2,1008.0
2025-10-03,8.8,46.7,1007.8
2025-10-04,14.8,70.0,1006.6
2025-10-05,7.4,57.7,1004.4
2025-10-06,14.6,64.7,1013.5
2025-10-07,10.0,70.7,1005.0
2025-10-08,7.6,59.5,1011.4
2025-10-09,18.7,78.8,1015.5
2025-10-10,11.6,74.3,1013.0
2025-10-11,22.8,86.4,1007.3
2025-10-12,11.0,75.6,1008.2
2025-10-13,16.3,72.3,1022.0
2025-10-14,4.7,79.9,1021.3
2025-10-15,19.6,67.4,1014.5
2025-10-16,7.4,84.6,1006.0
2025-10-17,10.4,72.1,1009.1
2025-10-18,3.3,71.4,1020.5
2025-10-19,10.4,71.2,1022.9
2025-10-20,6.1,75.7,1011.7
2025-10-21,14.3,58.6,1020.6
2025-10-22,18.4,60.2,1000.6
2025-10-23,10.1,67.2,1018.3
2025-10-24,11.8,79.7,1013.4
2025-10-25,8.7,72.5,1011.7
2025-10-26,6.0,74.8,1011.0
2025-10-27,9.0,60.7,1015.7
2025-10-28,8.0,65.0,1007.6
2025-10-29,0.9,56.4,1007.7
2025-10-30,14.5,67.0,1007.7
2025-10-31,11.8,60.5,1005.0
2025-11-01,10.8,84.0,1015.0
2025-11-02,2.9,71.9,1011.0
2025-11-03,4.6,65.8,1015.2
2025-11-04,8.0,52.0,1012.0
2025-11-05,1.5,63.2,1018.5
2025-11-06,15.3,70.9,1016.9
2025-11-07,6.6,74.4,1007.6
2025-11-08,9.3,61.8,1008.1
2025-11-09,5.0,59.0,1013.0
2025-11-10,4.4,42.5,1005.6
2025-11-11,5.6,67.4,1012.4
2025-11-12,3.3,67.7,1002.6
2025-11-13,-1.6,58.6,1007.0
2025-11-14,8.9,83.8,1021.9
2025-11-15,5.5,75.6,1001.3
2025-11-16,-4.7,69.8,1011.4
2025-11-17,-3.6,77.9,1015.4
2025-11-18,8.2,62.2,1010.9
2025-11-19,2.1,81.2,1000.5
2025-11-20,14.2,61.0,1013.5
2025-11-21,11.1,70.5,1006.8
2025-11-22,5.6,82.2,1015.2
2025-11-23,10.8,66.4,1011.4
2025-11-24,8.2,87.3,1016.7
2025-11-25,8.8,51.5,1009.7
2025-11-26,6.9,71.6,1009.9
2025-11-27,8.5,77.1,1004.3
2025-11-28,14.4,79.7,1017.2
2025-11-29,6.0,65.0,998.5
2025-11-30,15.0,65.3,1003.4
2025-12-01,4.6,66.4,1012.0
2025-12-02,3.5,67.9,1010.2
2025-12-03,6.9,87.2,1009.3
2025-12-04,0.9,85.5,1004.4
2025-12-05,-2.3,70.2,1012.6
2025-12-06,-4.3,54.0,1003.4
2025-12-07,-0.1,74.7,1016.2
2025-12-08,-0.2,79.7,1013.9
2025-12-09,-4.2,88.0,1010.4
2025-12-10,-13.3,57.8,1013.2
2025-12-11,-1.6,63.7,1000.9
2025-12-12,1.6,73.7,1006.8
2025-12-13,-11.6,76.0,1000.1
2025-12-14,1.0,76.5,1022.0
2025-12-15,8.5,71.2,1015.0
2025-12-16,-1.9,68.3,1018.9
2025-12-17,-1.1,76.1,1026.2
2025-12-18,2.5,64.4,1010.6
2025-12-19,-9.3,71.1,1006.4
2025-12-20,4.9,77.0,1015.5
2025-12-21,-4.8,79.9,1022.2
2025-12-22,5.3,53.3,1013.9
2025-12-23,5.4,73.9,1011.6
2025-12-24,9.0,73.4,1024.0
2025-12-25,-2.1,74.3,1028.2
2025-12-26,2.7,67.5,1021.3
2025-12-27,6.8,86.3,1010.1
2025-12-28,-1.1,81.3,1016.7
2025-12-29,3.9,58.9,1022.1
2025-12-30,-5.9,65.0,1016.0
2025-12-31,0.7,84.1,1004.6
2026-01-01,0.2,92.7,1012.7
2026-01-02,11.1,87.9,1013.2
2026-01-03,1.4,78.1,1017.9
2026-01-04,0.7,82.1,1018.4
2026-01-05,1.4,63.3,1020.1
2026-01-06,-8.4,43.1,1010.1
2026-01-07,-2.6,66.8,1015.5
2026-01-08,-0.8,68.6,1019.9
2026-01-09,1.0,90.2,1009.1
2026-01-10,-5.7,43.5,1015.2
2026-01-11,-7.1,68.3,1004.6
2026-01-12,0.9,76.9,1012.7
2026-01-13,-2.0,84.0,1008.1
2026-01-14,-0.3,68.0,1011.9
2026-01-15,-0.9,53.5,1006.8
2026-01-16,-4.1,94.2,1004.3
2026-01-17,0.5,62.0,1010.6
2026-01-18,2.3,62.0,1009.4
2026-01-19,-3.7,66.2,1022.2
2026-01-20,-9.4,80.0,1006.3
2026-01-21,3.1,84.7,1021.2
2026-01-22,-8.8,87.4,1014.6
2026-01-23,2.4,69.4,1007.9
2026-01-24,-3.1,71.3,1010.8
2026-01-25,4.5,93.3,1007.7
2026-01-26,1.3,64.8,1013.4
2026-01-27,7.9,71.4,1015.4
2026-01-28,3.1,74.1,1002.8
2026-01-29,-2.2,71.4,1010.0
2026-01-30,3.0,59.4,1003.9
2026-01-31,0.1,79.4,1009.1
2026-02-01,6.3,61.1,1002.8
2026-02-02,0.4,64.3,1012.8
2026-02-03,2.8,59.2,1020.0
2026-02-04,8.4,59.8,1008.6
2026-02-05,-9.1,69.4,1005.9
2026-02-06,-6.1,68.3,1021.0
2026-02-07,1.9,65.2,1017.5
2026-02-08,-2.6,66.6,1008.6
2026-02-09,-4.3,70.6,1008.6
2026-02-10,7.1,48.3,1021.3
2026-02-11,6.3,68.4,1026.9
2026-02-12,-7.1,63.0,1024.8
2026-02-13,-2.3,70.5,1020.9
2026-02-14,3.5,65.6,1003.2
2026-02-15,6.7,73.4,1012.0
2026-02-16,-7.9,74.8,1020.3
2026-02-17,-10.0,60.3,1011.8
2026-02-18,-4.9,70.3,1010.3
2026-02-19,-1.6,100.0,1014.1
2026-02-20,-3.9,60.8,1020.7
2026-02-21,6.6,61.5,1014.3
2026-02-22,3.5,72.2,1007.8
2026-02-23,4.8,67.5,1017.7
2026-02-24,-7.0,84.8,1010.9
2026-02-25,-9.0,72.1,1005.6
2026-02-26,3.2,83.6,1017.2
2026-02-27,-2.5,80.4,1014.3
2026-02-28,1.5,76.8,1017.7
2026-03-01,8.3,63.1,1004.8
2026-03-02,13.3,59.3,1012.8
2026-03-03,-7.4,65.4,1009.8
2026-03-04,4.1,68.1,1014.9
2026-03-05,3.4,71.2,1021.1
2026-03-06,5.5,74.2,1020.0
2026-03-07,9.0,62.6,1007.4
2026-03-08,2.6,58.6,1013.6
2026-03-09,4.0,75.0,1025.8
2026-03-10,10.2,67.6,1012.7
2026-03-11,0.6,72.5,1016.4
2026-03-12,1.5,83.7,1015.7
2026-03-13,3.3,67.9,1005.4
2026-03-14,11.9,78.0,1009.7
2026-03-15,-0.1,77.1,1016.4
2026-03-16,1.0,72.3,1014.6
2026-03-17,-0.1,51.7,1012.5
2026-03-18,1.1,63.2,1021.2
2026-03-19,5.7,73.1,1017.3
2026-03-20,9.2,71.8,1011.2
2026-03-21,7.8,54.6,1018.8
2026-03-22,10.7,65.3,1013.2
2026-03-23,6.8,69.9,1017.2
2026-03-24,7.2,73.3,1015.0
2026-03-25,-1.3,83.5,1009.5
2026-03-26,-7.4,65.0,1018.5
2026-03-27,-1.1,82.9,1013.1
2026-03-28,7.6,62.4,1015.0
2026-03-29,9.4,68.6,1014.4
2026-03-30,14.1,80.1,1012.7
2026-03-31,2.8,63.7,1019.7
2026-04-01,5.6,98.1,1015.6
2026-04-02,2.2,58.1,1018.2
2026-04-03,-4.6,64.7,1009.1
2026-04-04,16.1,88.3,1012.7
2026-04-05,11.9,72.4,1014.3
2026-04-06,9.9,73.4,1009.8
2026-04-07,7.5,87.0,1020.9
2026-04-08,16.5,66.2,1017.2
2026-04-09,10.2,58.7,1015.7
2026-04-10,10.9,80.6,1013.8
2026-04-11,8.7,81.0,1000.6
2026-04-12,6.3,67.0,1006.7
2026-04-13,7.0,90.6,1017.9
2026-04-14,-5.8,54.3,1017.2
2026-04-15,8.6,86.6,1005.7
2026-04-16,13.3,76.6,1002.1
2026-04-17,4.6,73.5,1006.0
2026-04-18,12.2,74.7,1022.2
2026-04-19,12.9,80.0,1022.4
2026-04-20,3.5,81.0,1016.1
2026-04-21,10.9,67.9,1008.8
2026-04-22,4.4,71.5,1022.0
2026-04-23,16.2,67.0,1014.4
2026-04-24,5.6,80.0,1015.9
2026-04-25,12.6,76.0,1020.3
2026-04-26,7.3,83.7,1018.0
2026-04-27,10.0,82.2,1017.6
2026-04-28,10.5,78.3,1018.6
2026-04-29,13.1,58.1,1010.6
2026-04-30,8.0,65.3,1020.9
2026-05-01,11.4,80.9,1008.0
2026-05-02,13.7,68.2,1014.2
2026-05-03,7.3,62.9,1011.3
2026-05-04,5.6,60.3,1020.2
2026-05-05,14.0,95.5,1017.3
2026-05-06,21.1,71.6,1016.1
2026-05-07,16.1,69.7,1016.4
2026-05-08,24.0,68.6,1013.8
2026-05-09,8.1,70.6,1017.0
2026-05-10,14.3,72.0,1013.7
2026-05-11,19.5,88.2,1015.9
2026-05-12,14.5,59.2,1012.1
2026-05-13,9.9,73.5,1018.5
2026-05-14,12.1,54.1,1011.8
2026-05-15,16.5,69.2,1007.6
2026-05-16,14.7,68.6,1021.4
2026-05-17,12.5,72.0,1016.5
2026-05-18,17.7,65.5,1011.1
2026-05-19,12.6,76.5,1011.2
2026-05-20,19.0,52.0,1003.5
2026-05-21,16.0,71.9,1005.2
2026-05-22,12.4,59.8,1008.1
2026-05-23,19.5,43.9,1006.8
2026-05-24,13.5,77.5,1010.5
2026-05-25,20.1,66.7,1013.3
2026-05-26,5.5,74.0,1010.7
2026-05-27,16.2,74.1,1025.5
2026-05-28,19.8,63.2,1007.1
2026-05-29,9.3,81.3,1008.5
2026-05-30,16.5,72.3,1009.7
2026-05-31,21.3,65.0,1016.1
2026-06-01,20.9,49.9,1009.1
2026-06-02,19.1,64.1,1008.7
2026-06-03,20.5,70.7,1013.7
2026-06-04,17.9,84.2,1022.4
2026-06-05,23.4,82.2,1023.0
2026-06-06,19.4,65.5,1009.3
2026-06-07,26.4,55.5,1014.2
2026-06-08,17.0,72.2,1008.2
2026-06-09,23.9,44.9,1007.7
2026-06-10,20.5,65.1,1018.0
2026-06-11,11.7,68.4,1016.3
2026-06-12,18.4,76.7,1009.1
2026-06-13,28.3,66.7,1007.9
2026-06-14,21.7,66.5,1010.1
2026-06-15,24.2,66.2,1016.2
2026-06-16,24.6,62.4,1018.0
2026-06-17,13.9,68.1,1010.5
2026-06-18,16.7,69.9,1014.2
2026-06-19,27.7,70.7,1019.0
2026-06-20,20.8,67.1,1006.0
2026-06-21,19.3,81.0,1026.5
2026-06-22,20.7,73.5,1015.3
2026-06-23,17.9,81.0,1016.8
2026-06-24,18.4,68.2,1016.1
2026-06-25,20.4,85.4,1011.3
2026-06-26,25.5,61.7,1009.1
2026-06-27,11.2,75.9,1018.9
2026-06-28,21.1,67.6,1021.8
2026-06-29,24.0,59.3,1004.3
2026-06-30,28.8,75.3,1011.6
2026-07-01,19.0,67.4,1017.7
2026-07-02,15.5,78.6,1018.4
2026-07-03,29.2,68.7,1018.4
2026-07-04,22.7,68.9,1004.4
2026-07-05,21.1,58.2,1013.1
2026-07-06,15.1,74.6,1010.1
2026-07-07,29.4,67.4,1014.2
2026-07-08,16.4,63.6,1016.4
2026-07-09,18.2,64.3,1008.8
2026-07-10,23.4,66.9,1013.5
2026-07-11,20.8,79.3,1014.2
2026-07-12,24.2,65.1,1010.3
2026-07-13,15.2,58.6,1019.9
2026-07-14,22.2,64.3,998.0
2026-07-15,19.7,64.2,1010.3
2026-07-16,21.4,53.9,1009.7
2026-07-17,23.6,84.4,1017.9
2026-07-18,21.5,72.5,1013.7
2026-07-19,24.7,63.3,1012.5
2026-07-20,30.4,78.7,1012.4
2026-07-21,33.8,76.4,1014.0
2026-07-22,33.2,80.6,1005.1
2026-07-23,16.9,59.5,1012.6
2026-07-24,28.2,73.0,1028.3
2026-07-25,20.6,98.7,1005.5
2026-07-26,22.8,64.4,1006.6
2026-07-27,27.9,81.2,1010.1
2026-07-28,11.3,75.9,1020.1
2026-07-29,15.4,74.1,1015.6
2026-07-30,25.5,71.5,1014.1
2026-07-31,26.8,77.6,1010.3
2026-08-01,22.5,71.5,1012.8
2026-08-02,23.2,58.3,1024.8
2026-08-03,22.2,74.5,1009.6
2026-08-04,18.4,69.1,1003.6
2026-08-05,27.6,90.5,1014.1
2026-08-06,17.0,68.9,1018.4
2026-08-07,25.7,76.1,1014.8
2026-08-08,20.9,84.7,1009.6
2026-08-09,27.6,70.4,1014.4
2026-08-10,19.6,56.3,1004.6
2026-08-11,25.3,86.9,1007.0
2026-08-12,17.1,66.6,1012.6
2026-08-13,19.7,73.6,1017.7
2026-08-14,25.7,64.7,1012.7
2026-08-15,25.0,72.5,1026.7
2026-08-16,25.8,65.7,1007.9
2026-08-17,17.1,87.2,1015.0
2026-08-18,17.5,72.4,1015.6
2026-08-19,29.8,74.9,1011.7
2026-08-20,24.6,78.7,1011.8
2026-08-21,18.0,79.4,1017.8
2026-08-22,28.0,74.4,1022.0
2026-08-23,21.2,73.8,1017.6
2026-08-24,29.8,96.1,1014.2
2026-08-25,19.1,55.4,1012.7
2026-08-26,22.7,68.6,1013.2
2026-08-27,18.7,76.5,1018.7
2026-08-28,26.2,57.8,1010.6
2026-08-29,22.5,83.8,1018.6
2026-08-30,25.8,67.6,1011.7
2026-08-31,13.2,69.0,1015.1
2026-09-01,15.4,73.7,1010.7
2026-09-02,12.7,69.8,1014.7
2026-09-03,20.2,73.1,1004.0
2026-09-04,12.8,70.5,1011.6
2026-09-05,10.7,74.5,1009.9
2026-09-06,20.2,63.8,1010.5
2026-09-07,22.2,69.8,1012.8
2026-09-08,17.0,73.1,1014.6
2026-09-09,23.3,72.1,1010.0
2026-09-10,16.5,67.4,1012.3
2026-09-11,28.2,68.5,1017.9
2026-09-12,30.1,64.8,1020.0
2026-09-13,19.4,80.0,1009.1
2026-09-14,14.6,83.1,1025.1
2026-09-15,19.3,74.5,1018.1
2026-09-16,16.5,58.1,1014.9
2026-09-17,17.1,75.2,1020.8
2026-09-18,19.1,74.9,1013.3
2026-09-19,10.1,65.9,1009.3
2026-09-20,20.5,79.6,1004.4
2026-09-21,12.6,70.0,1013.1
2026-09-22,12.5,77.3,1007.1
2026-09-23,20.1,54.2,1014.6
2026-09-24,14.9,81.6,1016.9
2026-09-25,21.2,59.5,1015.1
2026-09-26,18.7,51.0,1014.5
2026-09-27,13.9,66.4,1020.9
2026-09-28,18.8,69.2,1010.3
2026-09-29,14.8,72.8,1013.2
2026-09-30,20.7,88.8,1017.9
2026-10-01,6.1,72.0,1003.7
2026-10-02,21.2,54.1,1017.9
2026-10-03,14.9,59.1,1014.7
2026-10-04,9.1,42.0,1016.0
2026-10-05,19.3,68.7,1011.4
2026-10-06,17.4,69.5,1003.8
2026-10-07,3.5,68.0,1010.4
2026-10-08,13.2,83.0,1012.8
2026-10-09,13.9,67.4,1006.6
2026-10-10,4.2,79.8,1023.3
2026-10-11,15.9,79.6,1020.6
2026-10-12,4.0,66.5,1020.8
2026-10-13,20.5,61.1,997.9
2026-10-14,16.2,76.9,999.7
2026-10-15,5.2,65.7,1010.7
2026-10-16,8.0,60.7,1010.0
2026-10-17,4.8,89.0,1014.9
2026-10-18,14.6,77.1,1001.8
2026-10-19,16.5,84.8,1010.7
2026-10-20,13.4,71.9,1018.1
2026-10-21,11.9,68.2,1005.4
2026-10-22,10.2,66.0,1007.6
2026-10-23,15.5,72.5,1020.7
2026-10-24,15.3,76.6,1013.1
2026-10-25,14.0,63.8,1021.1
2026-10-26,15.7,64.9,1022.4
2026-10-27,7.0,58.8,1005.2
2026-10-28,9.2,72.2,1008.1
2026-10-29,9.1,62.1,1015.0
2026-10-30,-0.7,57.8,1009.2
2026-10-31,15.6,75.2,1010.6
2026-11-01,1.4,66.7,1016.9
2026-11-02,5.2,70.4,1013.0
2026-11-03,1.8,81.7,1016.3
2026-11-04,0.1,55.9,1010.3
2026-11-05,2.7,70.6,1013.5
2026-11-06,3.9,64.2,1006.1
2026-11-07,6.9,62.2,1008.6
2026-11-08,0.3,78.0,1007.9
2026-11-09,4.8,60.5,1013.6
2026-11-10,-3.9,69.6,1010.5
2026-11-11,4.6,62.2,1026.8
2026-11-12,1.5,78.4,1011.0
2026-11-13,5.4,59.3,1007.1
2026-11-14,4.8,70.7,1013.6
2026-11-15,9.9,60.1,1017.1
2026-11-16,5.5,68.9,1005.1
2026-11-17,8.9,75.6,1006.9
2026-11-18,6.2,62.4,1016.9
2026-11-19,5.3,92.5,1010.2
2026-11-20,15.0,74.2,1009.7
2026-11-21,8.7,56.3,1014.1
2026-11-22,4.7,57.1,1004.3
2026-11-23,2.1,75.0,1012.9
2026-11-24,11.1,73.9,1028.6
2026-11-25,8.6,53.4,1012.9
2026-11-26,5.1,69.9,1007.4
2026-11-27,11.5,72.1,1018.4
2026-11-28,8.3,68.1,1006.9
2026-11-29,8.8,80.5,1013.3
2026-11-30,4.1,67.6,1001.4
2026-12-01,7.3,71.3,1015.6
2026-12-02,-2.1,72.6,1014.6
2026-12-03,-2.5,67.4,1009.0
2026-12-04,10.9,71.5,1020.0
2026-12-05,-5.6,69.8,1011.7
2026-12-06,0.0,61.0,1013.5
2026-12-07,15.1,69.0,1016.3
2026-12-08,2.8,78.1,1008.5
2026-12-09,-1.1,84.3,1020.1
2026-12-10,6.8,76.4,1017.8
2026-12-11,-4.2,65.8,1011.7
2026-12-12,6.9,68.4,1007.2
2026-12-13,1.4,69.6,1009.5
2026-12-14,-4.8,52.6,1012.5
2026-12-15,1.1,66.4,1020.1
2026-12-16,1.6,79.0,1012.5
2026-12-17,2.4,62.0,1013.0
2026-12-18,11.7,61.8,1009.8
2026-12-19,4.1,64.9,1010.2
2026-12-20,7.4,58.7,1021.1
2026-12-21,-4.0,66.8,1018.3
2026-12-22,-3.5,40.0,1017.6
2026-12-23,-3.1,48.8,1016.3
2026-12-24,0.9,65.9,1017.5
2026-12-25,7.2,53.4,1013.2
2026-12-26,4.0,53.9,1013.0
2026-12-27,-0.1,91.9,996.4
2026-12-28,6.4,71.0,1016.7
2026-12-29,-4.6,71.1,1019.2
2026-12-30,-3.6,55.5,1020.9
2026-12-31,4.2,77.7,1001.7
